task_id,tool,start_time,duration_seconds,status
US-P0a,gemini,2026-03-05T08:20:00+01:00,1359,continuing
US-P0b,gemini,2026-03-05T08:57:50+01:00,2623,continuing
US-P0c,gemini,2026-03-05T09:43:21+01:00,1939,continuing
iteration-1,gemini,2026-03-05T10:41:36+01:00,289,continuing
iteration-1,gemini,2026-03-05T10:48:07+01:00,428,continuing
iteration-1,gemini,2026-03-05T10:56:25+01:00,344,continuing
US-P0d,gemini,2026-03-05T11:06:58+01:00,1059,continuing
US-P0e,gemini,2026-03-05T12:49:03+01:00,2430,continuing
US-P0e,gemini,2026-03-05T13:49:46+01:00,1462,continuing
